{
  "colors" : [
    {
      "color" : {
        "color-space" : "srgb",
        "components" : {
          "alpha" : "1.000",
          "blue" : "0x9E",
          "green" : "0x73",
          "red" : "0x40"
        }
      },
      "idiom" : "universal"
    },
    {
      "appearances" : [
        {
          "appearance" : "luminosity",
          "value" : "dark"
        }
      ],
      "color" : {
        "color-space" : "srgb",
        "components" : {
          "alpha" : "1.000",
          "blue" : "0x9E",
          "green" : "0x73",
          "red" : "0x40"
        }
      },
      "idiom" : "universal"
    },
    {
      "color" : {
        "color-space" : "srgb",
        "components" : {
          "alpha" : "1.000",
          "blue" : "0x9E",
          "green" : "0x73",
          "red" : "0x40"
        }
      },
      "idiom" : "iphone"
    },
    {
      "appearances" : [
        {
          "appearance" : "luminosity",
          "value" : "dark"
        }
      ],
      "color" : {
        "color-space" : "srgb",
        "components" : {
          "alpha" : "1.000",
          "blue" : "0x9E",
          "green" : "0x73",
          "red" : "0x40"
        }
      },
      "idiom" : "iphone"
    },
    {
      "color" : {
        "color-space" : "srgb",
        "components" : {
          "alpha" : "1.000",
          "blue" : "0x9E",
          "green" : "0x73",
          "red" : "0x40"
        }
      },
      "idiom" : "ipad"
    },
    {
      "appearances" : [
        {
          "appearance" : "luminosity",
          "value" : "dark"
        }
      ],
      "color" : {
        "color-space" : "srgb",
        "components" : {
          "alpha" : "1.000",
          "blue" : "0x9E",
          "green" : "0x73",
          "red" : "0x40"
        }
      },
      "idiom" : "ipad"
    },
    {
      "color" : {
        "color-space" : "srgb",
        "components" : {
          "alpha" : "1.000",
          "blue" : "0x9E",
          "green" : "0x73",
          "red" : "0x40"
        }
      },
      "idiom" : "ipad",
      "subtype" : "mac-catalyst"
    },
    {
      "appearances" : [
        {
          "appearance" : "luminosity",
          "value" : "dark"
        }
      ],
      "color" : {
        "color-space" : "srgb",
        "components" : {
          "alpha" : "1.000",
          "blue" : "0x9E",
          "green" : "0x73",
          "red" : "0x40"
        }
      },
      "idiom" : "ipad",
      "subtype" : "mac-catalyst"
    },
    {
      "color" : {
        "color-space" : "srgb",
        "components" : {
          "alpha" : "1.000",
          "blue" : "0x9E",
          "green" : "0x73",
          "red" : "0x40"
        }
      },
      "idiom" : "mac"
    },
    {
      "appearances" : [
        {
          "appearance" : "luminosity",
          "value" : "dark"
        }
      ],
      "color" : {
        "color-space" : "srgb",
        "components" : {
          "alpha" : "1.000",
          "blue" : "0x9E",
          "green" : "0x73",
          "red" : "0x40"
        }
      },
      "idiom" : "mac"
    }
  ],
  "info" : {
    "author" : "xcode",
    "version" : 1
  }
}
